ratio,random_state,accuracy
0.4,0,0.64
0.4,1,0.56
0.4,2,0.41714285714285715
0.5,0,0.4342857142857143
0.5,1,0.7028571428571428
0.5,2,0.49714285714285716
0.6,0,0.6685714285714286
0.6,1,0.6914285714285714
0.6,2,0.5885714285714285
0.7,0,0.7314285714285714
0.7,1,0.68
0.7,2,0.6057142857142858
0.8,0,0.42857142857142855
0.8,1,0.5314285714285715
0.8,2,0.7085714285714285
0.9,0,0.5085714285714286
0.9,1,0.5371428571428571
0.9,2,0.6914285714285714
1,0,0.52
1,2,0.5942857142857143
