ratio,random_state,accuracy
0.4,0,0.6333333333333333
0.4,1,0.82
0.4,2,0.62
0.5,0,0.7933333333333333
0.5,1,0.96
0.5,2,0.8133333333333334
0.6,0,0.7866666666666666
0.6,1,1.0
0.6,2,0.96
0.7,0,0.96
0.7,1,0.9733333333333334
0.7,2,1.0
0.8,0,1.0
0.8,1,0.9933333333333333
0.8,2,1.0
0.9,0,0.9933333333333333
0.9,1,0.9933333333333333
0.9,2,0.9533333333333334
1,0,1.0
1,2,0.9933333333333333
1,1,0.46
