ratio,random_state,accuracy
0.4,0,0.9322222222222222
0.4,1,0.8677777777777778
0.4,2,0.9166666666666666
0.5,0,0.9277777777777778
0.5,1,0.9055555555555556
0.5,2,0.9444444444444444
0.6,0,0.9522222222222222
0.6,1,0.9888888888888889
0.6,2,0.9466666666666667
0.7,0,0.9577777777777777
0.7,1,0.8788888888888889
0.7,2,0.9155555555555556
0.8,0,0.99
0.8,1,0.9822222222222222
0.8,2,0.9755555555555555
0.9,0,0.9744444444444444
0.9,1,0.9922222222222222
0.9,2,0.9955555555555555
1,0,1.0
1,2,0.9966666666666667
