ratio,random_state,accuracy
0.4,0,0.9907084785133565
0.4,1,0.5830429732868757
0.4,2,0.875725900116144
0.5,0,0.9059233449477352
0.5,1,0.8571428571428571
0.5,2,0.8966318234610917
0.6,0,0.8873403019744484
0.6,1,0.9303135888501742
0.6,2,1.0
0.7,0,1.0
0.7,1,0.9279907084785134
0.7,2,0.9279907084785134
0.8,0,1.0
0.8,1,1.0
0.8,2,0.9988385598141696
0.9,0,0.9965156794425087
0.9,1,1.0
0.9,2,0.9941927990708479
1,0,1.0
1,2,1.0
