ratio,random_state,accuracy
0.5,0,0.697171381031614
0.5,1,0.7870216306156406
0.5,2,0.6405990016638935
0.6,0,0.8219633943427621
0.6,1,0.78369384359401
0.6,2,0.5357737104825291
0.7,0,0.7653910149750416
0.7,1,0.7603993344425957
0.7,2,0.8053244592346089
0.8,0,0.7986688851913477
0.8,1,0.7587354409317804
0.8,2,0.870216306156406
0.9,0,0.778702163061564
0.9,1,0.8985024958402662
0.9,2,0.8186356073211315
1,0,0.8801996672212978
1,2,0.8369384359400999
